image_name,label,mean_brightness,contrast,dark_pixel_ratio,bright_pixel_ratio,min_intensity,max_intensity,median_intensity,edge_density
IMG_8530 resized_448.jpg,1,155.42883051658163,30.83141981775425,0.0022122130102040817,0.08456234056122448,32,255,153.0,0.3221859056122449
IMG_8442 resized_448.jpg,1,143.86280293367346,46.51173474229864,0.0214046556122449,0.11559311224489796,23,254,147.0,0.3840880102040816
IMG_20180513_165710583_HDR resized_448.jpg,1,130.4862284757653,28.103184738107565,0.006676498724489796,0.004643654336734694,3,252,133.0,0.314453125
IMG_20180513_170350654_HDR resized_448.jpg,1,130.01215720663265,19.820766249443587,0.0008769132653061224,0.0015345982142857143,3,239,132.0,0.18488919005102042
IMG_8438 resized_448.jpg,1,140.33169244260205,46.08960670644074,0.023098692602040817,0.09851323341836735,18,253,142.0,0.3736049107142857
IMG_8405 resized_448.jpg,1,128.06186224489795,18.58423535694843,0.0,0.0011160714285714285,62,236,127.0,0.25484295280612246
IMG_20180514_170144972_HDR resized_448.jpg,1,121.17564174107143,29.147938199574106,0.004842952806122449,0.01136001275510204,4,252,117.0,0.3391262755102041
IMG_20180514_170708710_HDR (1) resized_448.jpg,1,134.79721380739795,28.083094365543456,0.0010562818877551021,0.00466358418367347,34,248,136.0,0.34315210459183676
IMG_8487 resized_448.jpg,1,172.68303571428572,24.768951061819436,0.0,0.12775031887755103,68,254,174.0,0.35170200892857145
IMG_8529 resized_448.jpg,1,172.8038703762755,24.462676273462773,0.00013950892857142856,0.11573262117346939,44,254,172.0,0.27796157525510207
IMG_8466 resized_448.jpg,1,171.43933354591837,25.336515964142485,0.0,0.12551817602040816,57,242,172.0,0.34729751275510207
IMG_8514 resized_448.jpg,1,162.57019292091837,34.10192227614658,0.003547512755102041,0.12956393494897958,30,254,164.0,0.36104910714285715
IMG_8488 resized_448.jpg,1,183.7755500637755,22.24351591846272,0.0,0.23341836734693877,85,253,185.0,0.32581313775510207
IMG_8413 resized_448.jpg,1,151.7442402742347,33.7946849745678,0.0,0.08087531887755102,56,250,152.0,0.3612683354591837
IMG_20180513_165741688_HDR resized_448.jpg,1,125.40066964285714,23.149301617282216,0.001953125,0.0019730548469387753,17,248,125.0,0.21165497448979592
IMG_20180514_170708710_HDR resized_448.jpg,1,134.79721380739795,28.083094365543456,0.0010562818877551021,0.00466358418367347,34,248,136.0,0.34315210459183676
IMG_8526 resized_448.jpg,1,173.50047831632654,31.184275907347942,0.00029894770408163266,0.19453523596938777,35,255,172.0,0.3381497130102041
IMG_8469 resized_448.jpg,1,169.50075733418367,18.896846292677992,0.0,0.04233099489795918,66,239,170.0,0.2878467793367347
IMG_20180514_170015428_HDR resized_448.jpg,1,141.2801737882653,36.783769050965915,0.027363679846938774,0.044064891581632654,1,254,143.0,0.3297791772959184
IMG_20180513_170700279_HDR resized_448.jpg,1,118.71291055484694,20.684463926390873,0.0008370535714285714,0.0014748086734693877,26,249,119.0,0.22199856505102042
IMG_8470 resized_448.jpg,1,170.87220982142858,25.593475744125858,0.0,0.12452168367346939,63,242,172.0,0.36611128826530615
IMG_20180514_165115894_HDR resized_448.jpg,1,119.26694036989795,33.53275240582477,0.017199457908163265,0.014010682397959183,1,253,118.0,0.31821986607142855
IMG_20180514_165307482_HDR resized_448.jpg,1,128.60512994260205,27.89744017572999,0.006098533163265306,0.011619100765306123,4,255,127.0,0.326969068877551
IMG_8491 resized_448.jpg,1,185.80809550382654,18.63622322252574,0.0,0.21520248724489796,87,254,187.0,0.279476243622449
IMG_8437 resized_448.jpg,1,141.3855827487245,41.64814884466666,0.0049824617346938774,0.08631616709183673,33,254,141.0,0.3741031568877551
IMG_8430 resized_448.jpg,1,128.97554607780611,53.304331360309924,0.09658003826530612,0.08980389030612244,23,251,133.0,0.3778698979591837
IMG_20180514_164920326_HDR resized_448.jpg,1,117.81405452806122,24.53807755011474,0.00568000637755102,0.0030691964285714285,16,249,118.0,0.2714046556122449
IMG_8477 resized_448.jpg,1,181.05687978316325,20.369000924999103,0.0,0.16416214923469388,77,254,182.0,0.2981505102040816
IMG_8505 resized_448.jpg,1,176.06190210459184,20.121480022801965,0.0,0.1119858099489796,70,254,175.0,0.240234375
IMG_8521 resized_448.jpg,1,159.50583944515307,31.404721028703253,0.0,0.12234933035714286,50,255,155.0,0.31790098852040816
IMG_8453 resized_448.jpg,1,154.95844626913265,38.7100030064338,1.992984693877551e-05,0.12015704719387756,31,252,159.0,0.3674465880102041
IMG_20180513_170535927_HDR resized_448.jpg,1,112.26016422193878,18.998049825361253,0.0022520727040816328,0.002730389030612245,8,254,112.0,0.14652423469387754
IMG_8429 resized_448.jpg,1,124.16942362882654,54.240981909415275,0.11770567602040816,0.08296795280612244,21,254,126.0,0.3832310267857143
IMG_20180514_165302026_HDR resized_448.jpg,1,130.6082987882653,29.104049019537538,0.008549904336734694,0.015963807397959183,2,255,130.0,0.3191764987244898
IMG_8414 resized_448.jpg,1,155.29639668367346,30.624416249551686,0.0,0.0760921556122449,66,252,155.0,0.3392857142857143
IMG_8513 resized_448.jpg,1,168.09937021683675,28.881145862622333,0.0003587372448979592,0.1290656887755102,41,255,168.0,0.3547313456632653
IMG_20180514_165823466_HDR resized_448.jpg,1,142.4150390625,39.04724850514787,0.022520727040816327,0.06397480867346939,1,255,144.0,0.3657924107142857
IMG_8480 resized_448.jpg,1,188.1609733737245,20.308250545520544,0.0,0.2722217793367347,89,254,189.0,0.24709024234693877
IMG_8426 resized_448.jpg,1,172.6056680484694,27.208674660883393,0.0,0.15345982142857142,58,255,173.0,0.33434311224489793
IMG_20180514_170137161_HDR resized_448.jpg,1,123.98551100127551,33.08042957942773,0.010981345663265306,0.019690688775510203,2,254,121.0,0.35257892219387754
IMG_20180514_165152754_HDR resized_448.jpg,1,123.34881218112245,28.503639967806592,0.007772640306122449,0.007553411989795918,6,250,123.0,0.29203204719387754
IMG_20180514_165811955_HDR resized_448.jpg,1,136.2410514987245,36.197384812905824,0.01725924744897959,0.038165656887755105,2,253,137.0,0.3635204081632653
IMG_8445 resized_448.jpg,1,150.5038066007653,42.370068698070085,0.0003985969387755102,0.12063536352040816,43,253,154.0,0.3728077168367347
IMG_20180513_165749116_HDR resized_448.jpg,1,128.5895448022959,22.908418384435468,0.001295440051020408,0.0014947385204081632,18,250,129.0,0.22056361607142858
IMG_20180513_170500983_HDR resized_448.jpg,1,113.4858697385204,17.720713199314048,0.0006576849489795918,0.0011160714285714285,25,252,113.0,0.12322624362244898
IMG_8478 resized_448.jpg,1,190.1953722895408,18.459828319573358,0.0,0.28689014668367346,86,254,191.0,0.2541454081632653
IMG_8476 resized_448.jpg,1,177.33191167091837,23.9365343323065,0.0,0.16063456632653061,72,253,179.0,0.3396045918367347
IMG_20180514_170032562_HDR resized_448.jpg,1,124.27572943239795,31.24777233236742,0.007453762755102041,0.018833705357142856,2,254,121.0,0.34901147959183676
IMG_8504 resized_448.jpg,1,133.22482860331633,18.80537778159667,0.0,0.0030891262755102043,55,253,132.0,0.1822783801020408
IMG_20180513_165512488_HDR resized_448.jpg,1,129.46958705357142,29.661449899309037,0.00785235969387755,0.0057597257653061226,11,250,132.0,0.2750717474489796
IMG_8431 resized_448.jpg,1,131.58793048469389,51.64678833760678,0.08822943239795919,0.07796556122448979,19,254,138.0,0.3699976084183674
IMG_20180513_170728853_HDR resized_448.jpg,1,120.34679926658163,22.80096347671305,0.003706951530612245,0.0017737563775510204,7,251,121.0,0.24607382015306123
IMG_20180514_165211442_HDR resized_448.jpg,1,126.9839166135204,34.67344586263702,0.013731664540816327,0.020169005102040817,4,252,127.0,0.35891661352040816
IMG_20180513_170357440_HDR resized_448.jpg,1,131.43859614158163,18.20161872146204,0.0005381058673469387,0.001016422193877551,20,246,134.0,0.09679926658163265
IMG_8428 resized_448.jpg,1,168.8912428252551,27.787819934365984,0.0,0.12414301658163265,51,255,170.0,0.35935507015306123
IMG_8415 resized_448.jpg,1,153.5049426020408,35.37003078780649,0.0,0.09747688137755102,53,252,154.0,0.3711734693877551
IMG_20180513_165345878_HDR resized_448.jpg,1,130.6182238520408,25.64756764153145,0.001793686224489796,0.004165338010204082,20,253,132.0,0.3293407206632653
IMG_20180514_165535720_HDR resized_448.jpg,1,126.6240234375,26.665384557898733,0.0031090561224489796,0.00918765943877551,14,253,124.0,0.33237005739795916
IMG_8520 resized_448.jpg,1,174.56359614158163,27.676770197983732,0.0,0.17121731505102042,58,255,171.0,0.30873325892857145
IMG_8481 resized_448.jpg,1,182.49278539540816,22.29584399311443,0.0,0.21022002551020408,84,253,184.0,0.31668526785714285
IMG_20180514_165008040_HDR resized_448.jpg,1,113.73644770408163,27.393179006231062,0.012715242346938776,0.007075095663265306,8,254,114.0,0.27445392219387754
IMG_20180513_165706718_HDR resized_448.jpg,1,129.65062978316325,25.838555876602744,0.0020129145408163264,0.0034080038265306123,14,250,131.0,0.3201929209183674
IMG_8512 resized_448.jpg,1,172.01678093112244,28.980776400888743,0.0006576849489795918,0.1617705676020408,37,254,172.0,0.3565051020408163
IMG_20180514_165031728_HDR resized_448.jpg,1,117.95721061862245,29.408231017224814,0.009785554846938776,0.004862882653061225,8,249,117.0,0.3352798150510204
IMG_8444 resized_448.jpg,1,154.3411192602041,41.44983564761256,0.00015943877551020407,0.1366390306122449,47,254,158.0,0.3806002869897959
IMG_8479 resized_448.jpg,1,181.77443399234693,22.717649930875414,0.0,0.19899952168367346,69,255,183.0,0.31455277423469385
IMG_20180514_165340357_HDR resized_448.jpg,1,130.8244778380102,28.761161035228998,0.006895727040816327,0.012436224489795918,8,254,130.0,0.32497608418367346
IMG_20180514_170055705_HDR resized_448.jpg,1,137.00737404336735,30.169579199586412,0.01233657525510204,0.022999043367346938,1,252,135.0,0.33340640943877553
IMG_20180514_165717791_HDR resized_448.jpg,1,138.93700175382654,32.21719573988637,0.01215720663265306,0.025928730867346938,1,253,140.0,0.3717514349489796
IMG_8439 resized_448.jpg,1,146.38528380102042,43.14837240367878,0.0061782525510204085,0.11210538903061225,33,253,148.0,0.37601642219387754
IMG_20180514_165457873_HDR resized_448.jpg,1,133.50548070790816,33.303194563169924,0.011021205357142858,0.024832589285714284,4,253,133.0,0.37460140306122447
IMG_8404 resized_448.jpg,1,172.78579400510205,22.958766187959284,0.0,0.11714764030612244,72,251,173.0,0.32802535076530615
IMG_20180514_165724162_HDR resized_448.jpg,1,137.2562181122449,33.72888903588857,0.01460857780612245,0.02796157525510204,3,252,138.0,0.3733657525510204
IMG_20180514_170100812_HDR resized_448.jpg,1,137.28995934311226,30.823207503520898,0.012356505102040817,0.023856026785714284,2,251,136.0,0.3352598852040816
IMG_8531 resized_448.jpg,1,172.05287388392858,30.87271055684345,0.001175860969387755,0.16456074617346939,32,254,172.0,0.326171875
IMG_20180514_165837194_HDR resized_448.jpg,1,141.05026307397958,33.90133635412228,0.01634247448979592,0.029894770408163265,2,250,144.0,0.36104910714285715
IMG_8443 resized_448.jpg,1,134.63942920918367,46.90704826061525,0.03324298469387755,0.08215082908163265,19,252,137.0,0.3801219706632653
IMG_20180514_165444055_HDR resized_448.jpg,1,134.26359215561226,27.522507070596053,0.0030891262755102043,0.011260363520408163,15,253,135.0,0.34901147959183676
IMG_8467 resized_448.jpg,1,173.44744499362244,23.686819078294057,0.0,0.12490035076530612,61,243,175.0,0.32132892219387754
IMG_8528 resized_448.jpg,1,162.78190768494898,32.254832985966225,0.0005381058673469387,0.130859375,34,253,160.0,0.33729272959183676
IMG_8515 resized_448.jpg,1,157.0234375,37.42010154277857,0.008191167091836735,0.11611128826530612,24,254,159.0,0.37209024234693877
IMG_20180514_165831579_HDR resized_448.jpg,1,139.03706951530611,32.71332225104208,0.013891103316326531,0.02405532525510204,3,248,141.0,0.3605907206632653
IMG_20180513_170453882_HDR resized_448.jpg,1,115.73112643494898,18.77426768551014,0.00045838647959183676,0.002032844387755102,27,250,115.0,0.1591796875
IMG_8486 resized_448.jpg,1,176.23311941964286,23.106297681567153,0.0,0.14485012755102042,78,254,177.0,0.34510522959183676
IMG_8455 resized_448.jpg,1,152.50151466836735,39.6028312770029,0.00023915816326530612,0.11379942602040816,37,253,156.0,0.3735849808673469
IMG_8468 resized_448.jpg,1,164.95651307397958,37.96884608609016,0.0001992984693877551,0.17522321428571427,39,248,172.0,0.3385483099489796
IMG_8527 resized_448.jpg,1,166.1768176020408,30.17366469852775,0.00015943877551020407,0.1357421875,37,254,164.0,0.338069993622449
IMG_20180514_165740460_HDR resized_448.jpg,1,129.38915019132654,30.901623657246567,0.007473692602040816,0.018933354591836735,3,254,127.0,0.3520607461734694
IMG_8489 resized_448.jpg,1,172.47012515943877,24.034398851587003,0.0,0.12023676658163265,70,254,173.0,0.33456234056122447
IMG_20180514_165245540_HDR resized_448.jpg,1,132.59245455994898,30.49755379197897,0.009865274234693877,0.018275669642857144,3,255,133.0,0.34482621173469385
IMG_8412 resized_448.jpg,1,149.58211096938774,31.88677619312176,0.0,0.06507095025510204,58,250,148.0,0.3575414540816326
IMG_20180514_165746314_HDR resized_448.jpg,1,139.20760921556123,34.72664823377927,0.014150191326530613,0.04121492346938776,1,254,138.0,0.3651546556122449
IMG_8490 resized_448.jpg,1,177.98230229591837,22.90989669636703,0.0,0.16563695790816327,67,251,179.0,0.3286232461734694
IMG_8436 resized_448.jpg,1,144.60441246811226,42.49690981953832,0.004962531887755102,0.10182158801020408,26,255,145.0,0.37984295280612246
IMG_20180514_170638485_HDR resized_448.jpg,1,132.31110491071428,29.936462682124002,0.005600286989795918,0.013771524234693877,3,253,132.0,0.36403858418367346
IMG_20180514_165050302_HDR resized_448.jpg,1,126.82916135204081,32.879571746960245,0.015246332908163265,0.012794961734693877,4,254,128.0,0.3512635522959184
IMG_20180514_170423229_HDR resized_448.jpg,1,144.8303770727041,39.953944842175055,0.028180803571428572,0.06188217474489796,0,254,148.0,0.3449856505102041
IMG_20180514_170051550_HDR resized_448.jpg,1,146.44774394132654,35.04386685464035,0.018574617346938774,0.05737802933673469,2,254,146.0,0.3452248086734694
IMG_20180513_165733359_HDR resized_448.jpg,1,127.05072146045919,23.4848280282909,0.0013153698979591836,0.0024912308673469387,26,248,127.0,0.25454400510204084
IMG_8471 resized_448.jpg,1,171.8961256377551,25.59426534096865,0.0,0.13548309948979592,61,246,173.0,0.3673469387755102
IMG_8417 resized_448.jpg,1,137.5225207270408,43.72049719333209,0.01580436862244898,0.07971938775510204,29,254,138.0,0.37216996173469385
IMG_20180513_165451567_HDR resized_448.jpg,1,130.03850446428572,22.964630083690004,0.0011957908163265306,0.00607860331632653,8,251,132.0,0.2518933354591837
IMG_20180514_170008541_HDR resized_448.jpg,1,144.18582589285714,34.06332829905165,0.020268654336734693,0.045400191326530615,0,254,144.0,0.3330078125
IMG_20180513_170430826_HDR resized_448.jpg,1,126.90369897959184,17.338222869917715,0.00013950892857142856,0.0016541772959183674,24,251,127.0,0.13368941326530612
IMG_8522 resized_448.jpg,1,163.3180006377551,31.635669249032542,0.001833545918367347,0.13107860331632654,25,254,161.0,0.33956473214285715
IMG_8449 resized_448.jpg,1,125.3481744260204,43.638289274807974,0.0007174744897959184,0.07545440051020408,40,255,115.0,0.31529017857142855
IMG_20180513_165547907_HDR resized_448.jpg,1,120.90264269770408,22.509995215410008,0.0007573341836734694,0.003208705357142857,16,252,120.0,0.10243941326530612
IMG_8506 resized_448.jpg,1,170.96996572066325,20.63190193458272,0.0,0.08480149872448979,76,254,169.0,0.25410554846938777
IMG_20180513_165538350_HDR resized_448.jpg,1,123.51399075255102,26.286637825607507,0.005042251275510204,0.004823022959183673,4,251,124.0,0.26624282525510207
IMG_8474 resized_448.jpg,1,135.4766222895408,18.06885358138166,0.0,0.0024314413265306123,51,251,135.0,0.24075255102040816
IMG_20180514_170039467_HDR resized_448.jpg,1,123.70936304209184,30.339437668193828,0.009745695153061224,0.012535873724489796,4,254,120.0,0.3481345663265306
IMG_20180513_170746398_HDR resized_448.jpg,1,124.56724330357143,23.98259124320462,0.0020926339285714285,0.0018136160714285715,21,250,125.0,0.26143973214285715
IMG_20180514_170217038_HDR resized_448.jpg,1,122.36581234056122,27.52360511231563,0.004942602040816327,0.009506536989795918,4,248,118.0,0.3217275191326531
IMG_20180514_165358823_HDR resized_448.jpg,1,131.46888950892858,35.79708021305931,0.01385124362244898,0.03561463647959184,2,253,130.0,0.3723094706632653
IMG_20180514_170646586_HDR resized_448.jpg,1,132.74631297831633,24.859792510788743,0.000896843112244898,0.0052614795918367345,27,253,132.0,0.3370336415816326
IMG_8433 resized_448.jpg,1,146.88968829719389,40.524824593539606,0.0011160714285714285,0.09221540178571429,41,254,149.0,0.3765146683673469
IMG_8446 resized_448.jpg,1,155.05915178571428,42.379746785576884,0.0002192283163265306,0.15158641581632654,41,254,159.0,0.37338568239795916
IMG_8509 resized_448.jpg,1,169.36937978316325,23.61361801794081,0.00011957908163265306,0.09291294642857142,41,254,169.0,0.32938058035714285
IMG_20180513_165717627_HDR resized_448.jpg,1,123.86088966836735,23.91063552290069,0.0009765625,0.007354113520408163,14,255,123.0,0.18488919005102042
IMG_20180514_164949995_HDR resized_448.jpg,1,127.35704320790816,29.97646842671327,0.011300223214285714,0.007613201530612245,6,248,129.0,0.24402104591836735
IMG_8483 resized_448.jpg,1,181.39064492984693,23.81437551565807,0.0,0.21789301658163265,86,253,183.0,0.3397839604591837
IMG_8418 resized_448.jpg,1,138.1778938137755,41.78215370395009,0.01153938137755102,0.06927614795918367,31,253,138.0,0.3600526147959184
IMG_20180514_170416728_HDR resized_448.jpg,1,144.14626514668367,37.21721275893528,0.021863042091836735,0.050502232142857144,1,254,147.0,0.3510044642857143
IMG_8462 resized_448.jpg,1,131.97241709183675,21.03924686926874,0.0001793686224489796,0.0004185267857142857,36,219,132.0,0.29934630102040816
IMG_8510 resized_448.jpg,1,171.11808434311226,24.658670097285015,9.964923469387755e-05,0.1102718431122449,45,253,171.0,0.33201132015306123
IMG_20180513_170710091_HDR resized_448.jpg,1,119.78872369260205,25.408607254662293,0.004683514030612245,0.0026307397959183672,5,245,120.0,0.312320631377551
IMG_20180513_165515651_HDR resized_448.jpg,1,125.64847735969387,25.827881005887235,0.004264987244897959,0.003627232142857143,17,251,126.0,0.25681600765306123
IMG_20180513_165500303_HDR resized_448.jpg,1,125.63016183035714,21.036079948979488,0.0013153698979591836,0.0037667410714285715,8,251,127.0,0.19999601403061223
IMG_8517 resized_448.jpg,1,124.38354990433673,28.61829498203538,0.0009964923469387755,0.019331951530612245,28,253,119.0,0.2793566645408163
IMG_8465 resized_448.jpg,1,173.91145169005102,26.23085869012965,0.0,0.16043526785714285,53,248,175.0,0.36503507653061223
IMG_20180514_165710828_HDR resized_448.jpg,1,132.95099250637756,33.4152058553225,0.01233657525510204,0.02210220025510204,2,254,133.0,0.37155213647959184
IMG_20180514_165731332_HDR resized_448.jpg,1,141.2385801977041,37.73024473700122,0.01807637117346939,0.05859375,1,255,141.0,0.36379942602040816
IMG_8484 resized_448.jpg,1,182.3721301020408,24.595743648098374,0.0,0.23850047831632654,79,254,184.0,0.3535953443877551
IMG_8406 resized_448.jpg,1,128.76281489158163,17.632600684646366,0.0,0.0009765625,50,232,128.0,0.2119937818877551
IMG_20180514_165427375_HDR resized_448.jpg,1,134.88695790816325,31.074140643021973,0.007653061224489796,0.02108577806122449,5,252,135.0,0.3625438456632653
IMG_20180513_165455803_HDR resized_448.jpg,1,123.82559390943878,22.77477344718103,0.0024513711734693877,0.0047831632653061226,12,252,125.0,0.2536670918367347
IMG_20180514_164936208_HDR resized_448.jpg,1,125.71647799744898,30.026446084160337,0.008549904336734694,0.008569834183673469,12,254,126.0,0.2970344387755102
IMG_20180513_165150613_HDR resized_448.jpg,1,121.67075892857143,29.884284344171824,0.013034119897959183,0.008490114795918368,2,241,121.0,0.26259566326530615
IMG_8441 resized_448.jpg,1,128.76508689413265,48.786606088740655,0.06983418367346939,0.06570870535714286,17,250,132.0,0.382015306122449
IMG_8533 resized_448.jpg,1,171.4459901147959,30.362977260112626,0.0003985969387755102,0.15628985969387754,41,254,172.0,0.3259127869897959
IMG_8434 resized_448.jpg,1,151.0880500637755,40.36018452971943,0.0008569834183673469,0.11214524872448979,40,254,153.0,0.3789859693877551
IMG_20180514_165751038_HDR resized_448.jpg,1,140.00974569515307,33.396489917213735,0.016003667091836735,0.03306361607142857,2,253,140.0,0.34727758290816324
IMG_8473 resized_448.jpg,1,170.46223294005102,27.883859395434968,0.0,0.14963329081632654,60,248,172.0,0.37802933673469385
IMG_20180513_170515937_HDR resized_448.jpg,1,116.87655452806122,19.068044201879896,0.00013950892857142856,0.0015744579081632653,34,249,117.0,0.19431600765306123
IMG_8525 resized_448.jpg,1,172.35871731505102,31.9690253765565,0.0005978954081632653,0.1892139668367347,35,254,171.0,0.338687818877551
IMG_8518 resized_448.jpg,1,182.13233418367346,29.066770348508157,0.0,0.24449936224489796,73,255,179.0,0.3235411352040816
IMG_20180514_164955695_HDR resized_448.jpg,1,123.27250079719387,35.56491226233404,0.022919323979591837,0.017279177295918366,2,253,126.0,0.3268295599489796
IMG_20180514_170122537_HDR resized_448.jpg,1,134.9073262117347,32.5589165821775,0.010821906887755101,0.031329719387755105,2,253,133.0,0.34500558035714285
IMG_8485 resized_448.jpg,1,184.06973453443877,24.114612350933157,0.0,0.2606823979591837,76,254,186.0,0.35054607780612246
IMG_20180514_165529728_HDR resized_448.jpg,1,126.23198341836735,28.510983674211484,0.006477200255102041,0.012954400510204082,8,253,124.0,0.33629623724489793
IMG_20180513_165349788_HDR resized_448.jpg,1,131.58123405612244,26.236380733388316,0.002232142857142857,0.006417410714285714,12,254,132.0,0.31644610969387754
IMG_20180514_170411390_HDR resized_448.jpg,1,142.08101482780611,38.8797130717657,0.02353714923469388,0.058115433673469385,1,254,144.0,0.3539540816326531
IMG_8423 resized_448.jpg,1,133.90395806760205,15.12194675151449,0.0,0.0004982461734693878,65,247,134.0,0.08966438137755102
IMG_20180513_165353081_HDR resized_448.jpg,1,136.52875876913265,27.09101549660477,0.006895727040816327,0.008988360969387755,2,252,139.0,0.28200733418367346
IMG_20180513_164959951_HDR resized_448.jpg,1,122.59939014668367,31.513297152596138,0.003587372448979592,0.011220503826530613,23,247,121.0,0.3438097895408163
IMG_8516 resized_448.jpg,1,172.46554129464286,33.350901241466225,0.0018933354591836734,0.18917410714285715,33,254,175.0,0.35935507015306123
IMG_8464 resized_448.jpg,1,173.1529615752551,23.270797895133256,0.0,0.12197066326530612,62,241,174.0,0.3101283482142857
IMG_8440 resized_448.jpg,1,145.92966757015307,44.727875472965145,0.009028220663265306,0.11633051658163265,35,253,149.0,0.3749202806122449
IMG_20180514_170400947 resized_448.jpg,1,130.87555803571428,47.632888633458116,0.055963010204081634,0.07840401785714286,1,254,132.0,0.3679049744897959
IMG_8532 resized_448.jpg,1,164.2707669005102,31.351824338740176,0.0005779655612244898,0.1188217474489796,38,254,165.0,0.3335060586734694
IMG_20180514_165411841_HDR resized_448.jpg,1,130.27598852040816,37.356952962059985,0.015385841836734694,0.03924186862244898,3,254,129.0,0.37838807397959184
IMG_20180513_170526931_HDR resized_448.jpg,1,116.67924904336735,19.998812063185532,0.0036471619897959183,0.003627232142857143,2,252,117.0,0.13783482142857142
IMG_20180514_164944000_HDR resized_448.jpg,1,133.1053093112245,32.48819924886055,0.017697704081632654,0.010004783163265306,2,250,138.0,0.26949139030612246
IMG_20180514_165228668_HDR resized_448.jpg,1,137.23927774234693,31.592945772198554,0.01114078443877551,0.02491230867346939,2,255,138.0,0.34925063775510207
IMG_8407 resized_448.jpg,1,129.71851084183675,21.272991879298353,0.0,0.0010762117346938774,57,237,129.0,0.29105548469387754
IMG_20180514_165217078_HDR resized_448.jpg,1,125.26409040178571,32.42877348176104,0.013791454081632654,0.011399872448979591,3,254,126.0,0.34719786352040816
IMG_20180513_170718753_HDR resized_448.jpg,1,120.63097895408163,26.12115533785797,0.004424426020408163,0.0016143176020408164,7,251,122.0,0.32748724489795916
IMG_20180514_170703597_HDR resized_448.jpg,1,130.10799984056123,27.95853719481725,0.001634247448979592,0.0030691964285714285,19,254,130.0,0.3608896683673469
IMG_8472 resized_448.jpg,1,171.23636798469389,26.124354866017413,0.0,0.13526387117346939,59,247,173.0,0.3716318558673469
IMG_20180514_165259100 resized_448.jpg,1,137.19758450255102,30.18010653165941,0.004803093112244898,0.027901785714285716,14,254,137.0,0.31431361607142855
IMG_20180514_165251954_HDR resized_448.jpg,1,131.0881895727041,27.61426023788698,0.009068080357142858,0.01215720663265306,3,254,131.0,0.3096898915816326
IMG_20180513_170406108_HDR resized_448.jpg,1,126.13319116709184,20.580619034701776,0.0021324936224489796,0.005361128826530612,9,253,128.0,0.07930086096938775
IMG_20180514_165039112_HDR resized_448.jpg,1,115.19597018494898,29.18247469397373,0.008470184948979591,0.006796077806122449,8,251,113.0,0.33205117984693877
IMG_8435 resized_448.jpg,1,148.18634406887756,40.151245093031015,0.00047831632653061223,0.09735730229591837,39,254,150.0,0.37527901785714285
IMG_8493 resized_448.jpg,1,182.0011758609694,23.045278905568992,0.0,0.21699617346938777,81,254,184.0,0.34524473852040816
IMG_8524 resized_448.jpg,1,166.50115593112244,32.49037826474589,0.0007174744897959184,0.1546954719387755,33,255,164.0,0.3313137755102041
IMG_8519 resized_448.jpg,1,165.89172114158163,28.701461466714534,0.0,0.12464126275510204,60,255,163.0,0.3117825255102041
IMG_20180513_165521775_HDR resized_448.jpg,1,125.80781648596938,23.908775366137313,0.002969547193877551,0.00253109056122449,5,251,127.0,0.20966198979591838
IMG_8456 resized_448.jpg,1,155.24613360969389,40.53508550731656,0.00025908801020408165,0.13936941964285715,44,253,159.0,0.3618263711734694
IMG_20180514_170105907_HDR resized_448.jpg,1,131.06042729591837,31.19832998246812,0.00821109693877551,0.019371811224489797,5,252,129.0,0.3483737244897959
IMG_20180513_170844630_HDR resized_448.jpg,1,110.85198102678571,37.72839875169614,0.04125478316326531,0.004524075255102041,12,253,111.0,0.3688815369897959
IMG_8523 resized_448.jpg,1,161.35501036352042,31.328836526347406,0.002032844387755102,0.12023676658163265,23,253,158.0,0.33444276147959184
IMG_20180514_165505511_HDR resized_448.jpg,1,132.36818399234693,34.3439946466646,0.01403061224489796,0.022839604591836735,7,247,133.0,0.3692602040816326
IMG_8416 resized_448.jpg,1,149.66721141581633,32.55616317514717,0.0,0.06533003826530612,56,250,150.0,0.3588966836734694
IMG_20180514_170158322_HDR resized_448.jpg,1,130.63113839285714,33.86912941137052,0.010881696428571428,0.024932238520408163,2,248,129.0,0.36049107142857145
IMG_8432 resized_448.jpg,1,149.45766900510205,43.56832863884946,0.00235172193877551,0.12408322704081633,35,253,153.0,0.36294244260204084
IMG_20180514_170355485_HDR resized_448.jpg,1,135.6438137755102,39.43129131400353,0.023457429846938774,0.04749282525510204,1,255,137.0,0.36656967474489793
IMG_8507 resized_448.jpg,1,175.20974170918367,24.354460815304538,0.0,0.14343510841836735,58,255,174.0,0.2925502232142857
IMG_20180514_165757436_HDR resized_448.jpg,1,141.37388392857142,32.97886697269713,0.012635522959183673,0.03928172831632653,1,253,141.0,0.3522401147959184
IMG_8475 resized_448.jpg,1,178.03368144132654,23.148763592611864,0.0,0.15644929846938777,66,253,179.0,0.33360570790816324
IMG_20180513_165533492_HDR resized_448.jpg,1,126.89032605229592,23.196096696436886,0.0015744579081632653,0.002311862244897959,20,250,129.0,0.2467315051020408
IMG_20180514_165847101_HDR resized_448.jpg,1,140.24015465561226,34.19072597232102,0.01819595025510204,0.02810108418367347,1,254,143.0,0.3591358418367347
IMG_8508 resized_448.jpg,1,169.51271524234693,26.320206425031802,1.992984693877551e-05,0.12541852678571427,46,254,168.0,0.3103874362244898
IMG_8447 resized_448.jpg,1,146.57003348214286,43.50286107650842,0.0012555803571428572,0.1119858099489796,33,253,149.0,0.3599131058673469
IMG_8463 resized_448.jpg,1,171.23335857780611,25.89701652414753,1.992984693877551e-05,0.13360969387755103,47,250,172.0,0.35973373724489793
IMG_8511 resized_448.jpg,1,167.77572943239795,28.558481051857314,0.0002192283163265306,0.12709263392857142,41,254,167.0,0.3567641900510204
IMG_20180514_170026184_HDR resized_448.jpg,1,132.49117107780611,30.51933957126955,0.011639030612244899,0.019989636479591837,2,251,131.0,0.34243463010204084
IMG_8424 resized_448.jpg,1,183.5828085140306,15.244265614988153,0.0,0.12527901785714285,115,252,184.0,0.09105947066326531
IMG_8419 resized_448.jpg,1,130.90282206632654,45.6488943058555,0.03282445790816327,0.06654575892857142,26,254,131.0,0.3818957270408163
IMG_20180513_165129852_HDR resized_448.jpg,1,132.32194674744898,24.096372127725523,0.0027702487244897957,0.003866390306122449,9,252,134.0,0.2669204400510204
IMG_8704 resized_448.jpg,0,140.28246572066325,39.10598335215922,0.003706951530612245,0.05787627551020408,24,253,142.0,0.37918526785714285
IMG_8816 resized_448.jpg,0,161.08282844387756,16.921894736234208,0.0,0.016262755102040817,83,250,161.0,0.1509685905612245
IMG_8676 resized_448.jpg,0,152.39498963647958,32.32126846731589,0.00027901785714285713,0.060646524234693876,37,253,154.0,0.3654735331632653
IMG_8697 resized_448.jpg,0,147.4824816645408,34.35876373323537,0.0004384566326530612,0.0525749362244898,39,252,149.0,0.36850286989795916
IMG_8767 resized_448.jpg,0,170.4308235012755,19.339596876398847,0.0,0.07738759566326531,107,251,167.0,0.21016023596938777
IMG_20180705_130734324 resized_448.jpg,0,159.69597018494898,17.257578046277114,0.0,0.02489237882653061,63,253,159.0,0.046954719387755105
IMG_8786 resized_448.jpg,0,156.34398915816325,27.22500812095576,0.00015943877551020407,0.05911192602040816,42,255,155.0,0.2840601084183674
IMG_8720 resized_448.jpg,0,150.39142219387756,31.70048655742313,0.00013950892857142856,0.05119977678571429,46,252,151.0,0.3512436224489796
IMG_8768 resized_448.jpg,0,134.0202487244898,30.007980651953808,0.00029894770408163266,0.031190210459183673,38,254,130.0,0.35483099489795916
IMG_20180705_130738321 resized_448.jpg,0,150.5994499362245,15.25607820542963,0.0,0.0013751594387755102,65,235,150.0,0.09837372448979592
IMG_8755 resized_448.jpg,0,150.13458625637756,26.03555894579472,3.985969387755102e-05,0.049705038265306124,49,254,147.0,0.3078563456632653
IMG_8681 resized_448.jpg,0,173.06598772321428,19.663138127201762,0.0,0.0693359375,69,253,174.0,0.23776307397959184
IMG_8660 resized_448.jpg,0,151.1190808354592,32.458363946248525,0.0015146683673469387,0.049485809948979595,25,255,153.0,0.3621452487244898
IMG_8800 resized_448.jpg,0,162.2129902742347,17.839190067567696,0.0,0.020547672193877552,85,251,161.0,0.10983338647959184
IMG_8789 resized_448.jpg,0,167.91037547831633,18.16251942152313,0.0,0.04175302933673469,80,252,168.0,0.1575653698979592
IMG_8712 resized_448.jpg,0,148.51171875,31.939285636091764,5.978954081632653e-05,0.04673549107142857,47,253,149.0,0.34843351403061223
IMG_20180705_130729936 resized_448.jpg,0,157.73325892857142,15.474752067820246,0.0,0.003946109693877551,82,240,158.0,0.11196588010204081
IMG_8819 resized_448.jpg,0,177.56859853316325,15.783973095436787,0.0,0.07380022321428571,103,253,177.0,0.12197066326530612
IMG_8679 resized_448.jpg,0,152.33715322066325,28.740340331453737,0.0005779655612244898,0.032126913265306124,31,249,155.0,0.2587292729591837
IMG_8790 resized_448.jpg,0,173.3702168367347,17.735604730155337,0.0,0.05885283801020408,85,250,174.0,0.13364955357142858
IMG_8824 resized_448.jpg,0,167.52489237882654,16.070931855803018,0.0,0.027363679846938774,95,251,167.0,0.0973373724489796
IMG_8771 resized_448.jpg,0,151.97006536989795,25.83399908209205,0.0,0.0506218112244898,72,254,149.0,0.31118463010204084
IMG_8698 resized_448.jpg,0,134.32264429209184,37.047455850623436,0.004245057397959184,0.03457828443877551,25,253,134.0,0.3710339604591837
IMG_8776 resized_448.jpg,0,170.0203085140306,22.367032122948338,0.0,0.09616151147959184,60,255,167.0,0.28162866709183676
IMG_20180705_130734659 resized_448.jpg,0,154.220703125,14.864482656946944,0.0,0.001833545918367347,92,251,154.0,0.08304767219387756
IMG_8823 resized_448.jpg,0,171.23327885841837,16.69777405231072,0.0,0.04468271683673469,93,253,171.0,0.12946428571428573
IMG_8731 resized_448.jpg,0,152.34155771683675,28.24615570618611,1.992984693877551e-05,0.04025829081632653,49,254,153.0,0.3315927933673469
IMG_20180705_130741322 resized_448.jpg,0,167.59974888392858,23.536133764296746,0.0,0.06664540816326531,86,255,165.0,0.09022241709183673
IMG_8715 resized_448.jpg,0,147.36104910714286,32.27615195064633,0.00025908801020408165,0.04534040178571429,43,252,148.0,0.34841358418367346
IMG_8728 resized_448.jpg,0,150.89686304209184,28.795314660713387,0.0,0.03708944515306122,50,250,151.0,0.33791055484693877
IMG_20180705_130733660 resized_448.jpg,0,167.76841517857142,18.983688802148293,0.0,0.053033322704081634,101,253,166.0,0.07991868622448979
IMG_8807 resized_448.jpg,0,171.4120097257653,17.14507607647959,0.0,0.045798788265306124,81,251,171.0,0.10235969387755102
IMG_8667 resized_448.jpg,0,165.28188775510205,27.828150327421408,0.00027901785714285713,0.08370535714285714,28,253,167.0,0.3344826211734694
IMG_8686 resized_448.jpg,0,146.50039859693877,29.035661430839223,1.992984693877551e-05,0.02090640943877551,46,251,148.0,0.36220503826530615
IMG_8752 resized_448.jpg,0,156.56756218112244,23.831674716445285,3.985969387755102e-05,0.05229591836734694,42,254,154.0,0.2928491709183674
IMG_20180705_130745654 resized_448.jpg,0,157.80867346938774,16.036105319381516,0.0,0.005440848214285714,92,234,158.0,0.09175701530612244
IMG_8808 resized_448.jpg,0,170.57979910714286,18.23857825309681,0.0,0.04396524234693878,78,249,171.0,0.10184151785714286
IMG_8727 resized_448.jpg,0,149.94597018494898,28.915131538610662,3.985969387755102e-05,0.03511639030612245,45,252,150.0,0.34121890943877553
IMG_8668 resized_448.jpg,0,165.77987484056123,22.066073179681737,0.0,0.04763233418367347,58,253,167.0,0.27232142857142855
IMG_8781 resized_448.jpg,0,172.3236009247449,19.580588545279085,0.0,0.07449776785714286,85,253,171.0,0.21651785714285715
IMG_20180705_130742988 resized_448.jpg,0,166.55795599489795,23.532683196170574,0.0,0.08882732780612244,73,255,163.0,0.08661511479591837
IMG_8760 resized_448.jpg,0,169.9337531887755,18.883087301633836,0.0,0.06768176020408163,91,253,168.0,0.22333386479591838
IMG_8689 resized_448.jpg,0,131.8230827487245,36.82296313917039,0.005739795918367347,0.025510204081632654,21,252,132.0,0.38747608418367346
IMG_20180705_130737319 resized_448.jpg,0,148.3048469387755,15.560374684055809,0.0,0.0014548788265306123,79,233,148.0,0.10817920918367346
IMG_8779 resized_448.jpg,0,130.0432676977041,18.34205507166519,3.985969387755102e-05,0.004842952806122449,45,252,129.0,0.17329001913265307
IMG_8690 resized_448.jpg,0,149.99374202806123,31.806895040636277,0.0,0.04691485969387755,51,250,152.0,0.36977838010204084
IMG_8671 resized_448.jpg,0,163.33639588647958,29.746878377988768,0.0,0.08436304209183673,51,253,167.0,0.34452726403061223
IMG_8811 resized_448.jpg,0,166.08904655612244,17.894211603543013,0.0,0.027802136479591837,95,250,166.0,0.10883689413265306
IMG_8703 resized_448.jpg,0,129.04571906887756,34.97065754827292,0.0057597257653061226,0.019571109693877552,28,253,129.0,0.361328125
IMG_8798 resized_448.jpg,0,169.5193319515306,17.381897654501607,0.0,0.036631058673469385,88,247,169.0,0.07463727678571429
IMG_8796 resized_448.jpg,0,170.41404257015307,15.13684473695434,0.0,0.03673070790816327,106,249,169.0,0.1041733099489796
IMG_8822 resized_448.jpg,0,171.33117426658163,16.166190048303225,0.0,0.04245057397959184,98,252,171.0,0.12322624362244898
IMG_8730 resized_448.jpg,0,152.43229830994898,28.11887547309583,1.992984693877551e-05,0.03902264030612245,49,250,153.0,0.3303372130102041
IMG_20180705_130736655 resized_448.jpg,0,153.15621014030611,15.615281176989843,0.0,0.002810108418367347,81,238,153.0,0.10604671556122448
IMG_20180705_130733329 resized_448.jpg,0,166.6063456632653,19.596043312243232,0.0,0.06078603316326531,109,254,164.0,0.07965959821428571
IMG_20180705_130744988 resized_448.jpg,0,163.38761559311226,25.975111907798198,0.0,0.07989875637755102,89,255,159.0,0.09149792729591837
IMG_20180705_130746985 resized_448.jpg,0,158.84805484693877,17.337184229119813,0.0,0.011818399234693877,86,238,159.0,0.10825892857142858
IMG_8777 resized_448.jpg,0,167.48104671556123,19.993288482180276,0.0,0.046217315051020405,69,253,168.0,0.22652264030612246
IMG_20180705_130745320 resized_448.jpg,0,156.33852838010205,15.898077842441673,0.0,0.0034677933673469387,91,235,157.0,0.10166214923469388
IMG_8753 resized_448.jpg,0,158.65447624362244,25.786089393756654,0.0,0.06939572704081633,54,255,156.0,0.3055046237244898
IMG_8687 resized_448.jpg,0,154.52556999362244,30.119201160943582,0.0,0.05486686862244898,51,252,156.0,0.36601163903061223
IMG_20180705_130746652 resized_448.jpg,0,158.1370176977041,15.754855176788752,0.0,0.004025829081632653,91,245,159.0,0.09307238520408163
IMG_8714 resized_448.jpg,0,147.20679209183675,32.10417076825031,0.0002192283163265306,0.04372608418367347,42,251,148.0,0.3510841836734694
IMG_8666 resized_448.jpg,0,166.2958984375,22.71696421373022,0.0,0.04954559948979592,64,255,168.0,0.28860411352040816
IMG_8729 resized_448.jpg,0,152.21968670280611,28.54230916826715,1.992984693877551e-05,0.04239078443877551,49,251,153.0,0.3377710459183674
IMG_8806 resized_448.jpg,0,172.45115194515307,16.61424835597037,0.0,0.04320790816326531,102,252,172.0,0.11926020408163265
IMG_8761 resized_448.jpg,0,169.40569196428572,19.924365582799688,0.0,0.07973931760204081,100,253,166.0,0.24141023596938777
IMG_8688 resized_448.jpg,0,150.02140465561226,33.419623479119664,0.00013950892857142856,0.05650111607142857,29,253,152.0,0.3820750956632653
IMG_8669 resized_448.jpg,0,165.9464485012755,21.464367937173026,1.992984693877551e-05,0.033103475765306124,48,253,168.0,0.27501195790816324
IMG_8809 resized_448.jpg,0,166.86479591836735,17.14187053959123,0.0,0.02459343112244898,95,248,167.0,0.08974410076530612
IMG_8726 resized_448.jpg,0,151.4146803252551,28.828647814956835,3.985969387755102e-05,0.04041772959183673,45,254,152.0,0.33900669642857145
IMG_20180705_130743321 resized_448.jpg,0,161.54825015943877,19.800946215503362,0.0,0.044224330357142856,83,255,160.0,0.09012276785714286
IMG_8810 resized_448.jpg,0,164.37890625,17.565530910376857,0.0,0.019511320153061226,91,245,164.0,0.10692362882653061
IMG_8670 resized_448.jpg,0,165.29737324617346,24.522983339107913,3.985969387755102e-05,0.049107142857142856,44,252,168.0,0.31899713010204084
IMG_8702 resized_448.jpg,0,133.12127311862244,35.62228693489907,0.003786670918367347,0.02965561224489796,25,252,133.0,0.35903619260204084
IMG_8799 resized_448.jpg,0,163.31915656887756,17.745965867824477,0.0,0.02256058673469388,82,247,163.0,0.10564811862244898
IMG_8778 resized_448.jpg,0,165.67032047193877,19.321601056943372,0.0,0.04121492346938776,79,252,165.0,0.19965720663265307
IMG_8691 resized_448.jpg,0,145.58153300382654,32.30475301395688,0.00027901785714285713,0.03587372448979592,42,252,147.0,0.370914381377551
IMG_8696 resized_448.jpg,0,141.7943040497449,34.33744992565278,0.0008370535714285714,0.03687021683673469,39,252,143.0,0.3697983099489796
IMG_20180705_130747318 resized_448.jpg,0,158.5789421237245,14.953714802044935,0.0,0.003567442602040816,90,225,159.0,0.09813456632653061
IMG_8705 resized_448.jpg,0,148.5442442602041,38.691380884560225,0.0009367028061224489,0.09261399872448979,34,253,150.0,0.3748405612244898
IMG_8677 resized_448.jpg,0,156.0413743622449,24.8468932947752,7.971938775510203e-05,0.03236607142857143,39,254,157.0,0.3137157206632653
IMG_20180705_130743653 resized_448.jpg,0,159.63410794005102,17.71128578635169,0.0,0.022401147959183673,89,252,159.0,0.09357063137755102
IMG_8817 resized_448.jpg,0,161.57559390943877,16.872266450167494,0.0,0.015286192602040817,89,250,161.0,0.1502311862244898
IMG_8787 resized_448.jpg,0,160.01694036989795,17.41395665818815,0.0,0.02024872448979592,84,254,160.0,0.15710698341836735
IMG_8721 resized_448.jpg,0,131.3152303890306,37.25052405790852,0.005739795918367347,0.025350765306122448,25,252,132.0,0.3820750956632653
IMG_20180705_130739987 resized_448.jpg,0,156.1922233737245,14.889295060986413,0.0,0.0034677933673469387,79,250,156.0,0.08067602040816327
IMG_20180705_130731751 resized_448.jpg,0,158.22518734056123,16.719742727678653,0.0,0.017378826530612245,85,247,157.0,0.08912627551020408
IMG_20180705_130741989 resized_448.jpg,0,163.34265385841837,17.8315116007376,0.0,0.034498565051020405,91,252,162.0,0.07045200892857142
IMG_8766 resized_448.jpg,0,173.38622050382654,18.45198887686541,0.0,0.08318718112244898,108,254,170.0,0.17233338647959184
IMG_8801 resized_448.jpg,0,166.5901028380102,16.68099974977675,0.0,0.028659119897959183,96,244,165.0,0.08059630102040816
IMG_8661 resized_448.jpg,0,163.56692442602042,30.760359593687078,0.0001992984693877551,0.09652024872448979,28,253,167.0,0.31552933673469385
IMG_8788 resized_448.jpg,0,161.32033242984693,17.55835881121345,0.0,0.02556999362244898,87,250,161.0,0.15989716198979592
IMG_8713 resized_448.jpg,0,150.6307597257653,32.077317881855514,7.971938775510203e-05,0.055783641581632654,42,253,151.0,0.3441884566326531
IMG_8769 resized_448.jpg,0,132.16830755739795,28.825339273027705,3.985969387755102e-05,0.03138950892857143,34,255,126.0,0.3397241709183674
IMG_8680 resized_448.jpg,0,161.1632453762755,25.974298435791553,7.971938775510203e-05,0.06072624362244898,35,251,162.0,0.2739357461734694
IMG_8754 resized_448.jpg,0,162.5847616390306,23.463778426626742,1.992984693877551e-05,0.0713687818877551,47,254,160.0,0.2998644770408163
IMG_20180705_130742323 resized_448.jpg,0,160.65349968112244,15.45456519893722,0.0,0.007872289540816327,88,253,160.0,0.07344148596938775
IMG_20180705_130738655 resized_448.jpg,0,152.1999960140306,15.29468197497239,0.0,0.0015744579081632653,80,234,152.0,0.09135841836734694
IMG_8770 resized_448.jpg,0,143.4481425382653,27.02496685370712,0.0,0.03964046556122449,53,254,140.0,0.32987882653061223
IMG_20180705_130734991 resized_448.jpg,0,153.34217554209184,15.189098363836555,0.0,0.0020129145408163264,94,240,153.0,0.08870774872448979
IMG_8699 resized_448.jpg,0,133.93068399234693,36.88185818026727,0.0045639349489795915,0.03164859693877551,26,253,134.0,0.372867506377551
IMG_8678 resized_448.jpg,0,154.59602200255102,27.218442603963037,0.0001992984693877551,0.03708944515306122,30,252,155.0,0.34394929846938777
IMG_8818 resized_448.jpg,0,174.6418008609694,15.410254586025971,0.0,0.04934630102040816,105,253,174.0,0.11435746173469388
IMG_8791 resized_448.jpg,0,172.67875079719389,17.905390615006755,0.0,0.059271364795918366,96,250,172.0,0.13518415178571427
IMG_8825 resized_448.jpg,0,165.5693957270408,16.27023634745193,0.0,0.022580516581632654,84,250,165.0,0.10415338010204081
IMG_8751 resized_448.jpg,0,157.75394610969389,22.163744027573497,0.0,0.04745296556122449,72,254,155.0,0.26869419642857145
IMG_8685 resized_448.jpg,0,151.01399075255102,25.328069104300283,3.985969387755102e-05,0.02977519132653061,44,253,151.0,0.333187181122449
IMG_20180705_130738987 resized_448.jpg,0,154.3847058354592,15.026832812862626,0.0,0.00235172193877551,84,240,154.0,0.08139349489795919
IMG_8664 resized_448.jpg,0,155.73246173469389,25.947540227853715,3.985969387755102e-05,0.037209024234693876,45,253,156.0,0.2992665816326531
IMG_20180705_130740989 resized_448.jpg,0,159.12282764668367,16.490323343557503,0.0,0.010463169642857142,79,241,159.0,0.09962930484693877
IMG_8804 resized_448.jpg,0,165.9260403380102,16.76636573392563,0.0,0.028758769132653062,94,248,165.0,0.10939492984693877
IMG_8659 resized_448.jpg,0,162.36664939413265,30.347489848893105,0.0003985969387755102,0.08525988520408163,37,254,165.0,0.3463608099489796
IMG_8716 resized_448.jpg,0,148.57429846938774,31.128907290281433,7.971938775510203e-05,0.045041454081632654,44,252,149.0,0.34897161989795916
IMG_8794 resized_448.jpg,0,177.80398995535714,14.791826641346708,0.0,0.06471221301020408,80,251,177.0,0.07509566326530612
IMG_8820 resized_448.jpg,0,170.55516581632654,16.308682369700204,0.0,0.03782684948979592,93,252,170.0,0.1305205676020408
IMG_8775 resized_448.jpg,0,171.35305723852042,19.784359739111686,0.0,0.07928093112244898,96,253,170.0,0.2315051020408163
IMG_8748 resized_448.jpg,0,148.49874441964286,26.775858276322758,0.00033880739795918367,0.0418327487244898,39,254,146.0,0.3192761479591837
IMG_8700 resized_448.jpg,0,134.6027981505102,36.19591258902718,0.005002391581632653,0.02849968112244898,26,253,135.0,0.37147241709183676
IMG_8812 resized_448.jpg,0,174.39682318239795,17.614412716519418,0.0,0.06778140943877552,101,251,174.0,0.11268335459183673
IMG_8672 resized_448.jpg,0,156.33775111607142,25.20932737657345,0.00029894770408163266,0.03246572066326531,31,252,158.0,0.32407924107142855
IMG_8693 resized_448.jpg,0,140.02293925382654,35.258122695034885,0.00029894770408163266,0.03463807397959184,42,251,141.0,0.37563775510204084
IMG_8747 resized_448.jpg,0,162.98527184311226,27.270717744768163,0.0,0.07232541454081633,61,254,165.0,0.24641262755102042
IMG_20180705_130737652 resized_448.jpg,0,148.91912468112244,15.573115263306343,0.0,0.0014947385204081632,72,240,149.0,0.09883211096938775
IMG_8763 resized_448.jpg,0,173.97253667091837,19.44231135675763,0.0,0.09978874362244898,104,253,171.0,0.21775350765306123
IMG_8719 resized_448.jpg,0,148.04201211734693,32.05193410016122,0.00011957908163265306,0.044025031887755105,43,251,149.0,0.347476881377551
IMG_20180705_130737985 resized_448.jpg,0,151.46912866709184,15.668781887916833,0.0,0.002291932397959184,76,230,151.0,0.0950454400510204
IMG_8724 resized_448.jpg,0,150.93624441964286,28.710598918036364,0.0,0.036989795918367346,51,251,152.0,0.33199139030612246
IMG_8723 resized_448.jpg,0,152.16525829081633,28.89040612336259,0.0,0.04165338010204082,53,251,153.0,0.33266900510204084
IMG_8785 resized_448.jpg,0,157.1474609375,28.264129351217786,0.0,0.07663026147959184,60,254,155.0,0.317562181122449
IMG_20180705_130740323 resized_448.jpg,0,156.81905691964286,15.1720707046778,0.0,0.00390625,78,254,157.0,0.08725286989795919
IMG_8764 resized_448.jpg,0,175.10873724489795,17.436195141723022,0.0,0.08531967474489796,104,253,173.0,0.18500876913265307
IMG_8759 resized_448.jpg,0,169.5557238520408,19.42995836253029,0.0,0.07248485331632654,95,254,167.0,0.23967633928571427
IMG_20180705_130747652 resized_448.jpg,0,159.60305723852042,16.60264741564247,0.0,0.010682397959183673,94,237,159.0,0.10100446428571429
IMG_20180705_130748317 resized_448.jpg,0,160.36579241071428,16.00907686949139,0.0,0.01233657525510204,93,251,160.0,0.09123883928571429
IMG_20180705_130740656 resized_448.jpg,0,157.5710299744898,16.12200551685742,0.0,0.008928571428571428,92,236,157.0,0.09070073341836735
IMG_8694 resized_448.jpg,0,136.20356345663265,35.47751335900688,0.0013751594387755102,0.02712452168367347,36,254,137.0,0.37362484056122447
IMG_8675 resized_448.jpg,0,172.07403938137756,26.54204942932112,3.985969387755102e-05,0.14670360331632654,48,253,173.0,0.2727200255102041
IMG_8815 resized_448.jpg,0,161.20910395408163,17.04740684281479,0.0,0.015605070153061224,90,250,161.0,0.13755580357142858
IMG_20180705_130747985 resized_448.jpg,0,160.8009805484694,17.036270318726114,0.0,0.02072704081632653,91,248,160.0,0.08910634566326531
IMG_8707 resized_448.jpg,0,147.34825414540816,31.33220202778445,3.985969387755102e-05,0.041713169642857144,39,251,148.0,0.3518016581632653
IMG_20180705_130744320 resized_448.jpg,0,157.59327168367346,16.599236962582452,0.0,0.009008290816326531,98,234,157.0,0.09522480867346939
IMG_20180705_130748649 resized_448.jpg,0,159.57856345663265,16.14283387253747,0.0,0.012456154336734694,96,247,159.0,0.09014269770408163
IMG_20180705_130735657 resized_448.jpg,0,154.4280931122449,14.725211139784314,0.0,0.002331792091836735,94,252,154.0,0.0887874681122449
IMG_8772 resized_448.jpg,0,158.86479591836735,28.323698192416284,0.0,0.08478156887755102,62,254,156.0,0.33948501275510207
IMG_8708 resized_448.jpg,0,145.52439413265307,31.99887149660741,7.971938775510203e-05,0.04041772959183673,42,253,146.0,0.353694993622449
IMG_20180705_130745987 resized_448.jpg,0,157.19064891581633,16.218557844399193,0.0,0.00918765943877551,90,254,157.0,0.10002790178571429
IMG_8793 resized_448.jpg,0,170.4775390625,19.785475903570692,0.0,0.06072624362244898,76,252,171.0,0.14080436862244897
IMG_8711 resized_448.jpg,0,147.3914421237245,33.08507252795202,0.00013950892857142856,0.048329878826530615,40,251,148.0,0.35459183673469385
IMG_8803 resized_448.jpg,0,165.0631776147959,17.29511516553124,0.0,0.02507174744897959,79,251,165.0,0.10999282525510204
IMG_8663 resized_448.jpg,0,162.07449776785714,27.625910996262196,5.978954081632653e-05,0.06030771683673469,42,254,164.0,0.3101283482142857
IMG_8682 resized_448.jpg,0,166.6103515625,19.747575465220855,0.0,0.038962850765306124,77,251,167.0,0.22775829081632654
IMG_20180705_130736987 resized_448.jpg,0,150.55747767857142,15.330791497387342,0.0,0.0014548788265306123,56,231,151.0,0.09791533801020408
IMG_8756 resized_448.jpg,0,151.4371412627551,26.035842788063615,0.0,0.05395009566326531,55,254,148.0,0.30271444515306123
IMG_8765 resized_448.jpg,0,171.00197305484693,17.257059385254117,0.0,0.06309789540816327,109,253,168.0,0.181640625
IMG_20180705_130743987 resized_448.jpg,0,157.8249960140306,16.18182956712045,0.0,0.008191167091836735,81,250,158.0,0.10251913265306123
IMG_8758 resized_448.jpg,0,155.7705078125,24.38755252952865,0.0,0.056341677295918366,55,253,153.0,0.3133968431122449
IMG_20180705_130732993 resized_448.jpg,0,160.52084661989795,14.683371783629806,0.0,0.005500637755102041,101,250,160.0,0.0907405931122449
IMG_8722 resized_448.jpg,0,156.1620097257653,28.239297945949986,0.0,0.053033322704081634,58,253,157.0,0.31837930484693877
IMG_8784 resized_448.jpg,0,152.09741709183675,32.31568424723281,0.0,0.08966438137755102,61,254,148.0,0.35803970025510207
IMG_8814 resized_448.jpg,0,174.0960020727041,16.695759248195937,0.0,0.06068638392857143,109,252,174.0,0.10423309948979592
IMG_8674 resized_448.jpg,0,168.55100047831633,26.928179723793544,1.992984693877551e-05,0.12699298469387754,41,252,169.0,0.2902981505102041
IMG_8706 resized_448.jpg,0,146.83438297193877,31.097753409365602,7.971938775510203e-05,0.04336734693877551,46,255,147.0,0.3456234056122449
IMG_8695 resized_448.jpg,0,139.35604671556123,34.389848435418884,0.0021125637755102043,0.029595822704081634,34,254,141.0,0.37266820790816324
IMG_8709 resized_448.jpg,0,149.4089205994898,30.967924565011316,0.0,0.04569913903061224,51,253,150.0,0.3433314732142857
IMG_8792 resized_448.jpg,0,168.29874840561226,18.139506291091053,0.0,0.04314811862244898,82,251,168.0,0.13765545280612246
IMG_20180705_130742655 resized_448.jpg,0,166.8341836734694,23.085940886539028,0.0,0.0751155931122449,78,255,164.0,0.07613201530612244
IMG_8773 resized_448.jpg,0,169.2552415497449,27.212515658784657,0.0,0.13895089285714285,72,255,167.0,0.31485172193877553
IMG_8757 resized_448.jpg,0,150.83826929209184,26.74619575697096,1.992984693877551e-05,0.05911192602040816,48,254,147.0,0.3204719387755102
IMG_8683 resized_448.jpg,0,164.67040019132654,19.853650349643974,0.0,0.03627232142857143,76,248,164.0,0.19706632653061223
IMG_8710 resized_448.jpg,0,147.20876514668367,33.07838345552306,0.00013950892857142856,0.04934630102040816,42,252,148.0,0.35501036352040816
IMG_8662 resized_448.jpg,0,159.1503308354592,30.019025328392924,0.0001992984693877551,0.06216119260204082,37,253,162.0,0.3210299744897959
IMG_8802 resized_448.jpg,0,167.94539221938774,17.40998989717939,0.0,0.03774713010204082,94,248,167.0,0.12097417091836735
IMG_20180705_130736323 resized_448.jpg,0,155.7064134247449,15.836412970382316,0.0,0.005660076530612245,89,247,155.0,0.09638073979591837
IMG_8805 resized_448.jpg,0,173.43614477040816,16.475495515587493,0.0,0.05307318239795918,108,252,173.0,0.10736208545918367
IMG_8665 resized_448.jpg,0,157.65919961734693,24.970781041063056,0.00013950892857142856,0.03750797193877551,22,253,158.0,0.2719626913265306
IMG_8717 resized_448.jpg,0,150.75691565688774,30.98923347364406,1.992984693877551e-05,0.052076690051020405,46,254,151.0,0.34494579081632654
IMG_8658 resized_448.jpg,0,153.45896444515307,29.576327661154505,0.0003786670918367347,0.03752790178571429,37,254,156.0,0.361507493622449
IMG_20180705_130735324 resized_448.jpg,0,153.7215202487245,15.006425203953606,0.0,0.002152423469387755,91,244,154.0,0.09295280612244898
IMG_20180705_130733991 resized_448.jpg,0,159.97042410714286,16.263946201871736,0.0,0.016262755102040817,90,249,159.0,0.06927614795918367
IMG_8684 resized_448.jpg,0,147.19624920280611,29.20331072437556,0.0015545280612244898,0.024693080357142856,27,252,150.0,0.29422433035714285
IMG_8750 resized_448.jpg,0,159.9177694515306,22.769012889414572,0.0,0.06012834821428571,75,254,157.0,0.2788584183673469
IMG_8774 resized_448.jpg,0,168.55398995535714,20.950976920820693,0.0,0.07619180484693877,99,254,167.0,0.24928252551020408
IMG_8749 resized_448.jpg,0,156.5306321747449,23.51968368270854,0.0,0.05428890306122449,70,253,153.0,0.30837452168367346
IMG_8795 resized_448.jpg,0,181.32993861607142,14.312617570791764,0.0,0.08338647959183673,101,250,181.0,0.09181680484693877
IMG_8821 resized_448.jpg,0,170.6240234375,16.48356853873379,0.0,0.04067681760204082,96,250,170.0,0.13221460459183673
IMG_20180705_130741655 resized_448.jpg,0,159.25245137117346,14.660349415864673,0.0,0.003946109693877551,82,246,159.0,0.0846420599489796
IMG_20180705_130746319 resized_448.jpg,0,166.8474569515306,26.477416416791115,0.0,0.08950494260204081,95,255,163.0,0.09157764668367346
IMG_8692 resized_448.jpg,0,144.50593909438774,33.133933452594086,0.0003786670918367347,0.039142219387755105,32,249,146.0,0.37306680484693877
IMG_20180705_130739654 resized_448.jpg,0,157.08677455357142,15.44185276437871,0.0,0.004643654336734694,90,243,157.0,0.08842873086734694
IMG_8701 resized_448.jpg,0,140.9326769770408,35.99041096705366,0.0013153698979591836,0.04745296556122449,33,253,141.0,0.36363998724489793
IMG_8673 resized_448.jpg,0,168.7009725765306,25.230790341579226,1.992984693877551e-05,0.1051498724489796,43,253,169.0,0.29452327806122447
IMG_20180705_130732496 resized_448.jpg,0,160.27357700892858,14.94721634001926,0.0,0.00466358418367347,88,254,160.0,0.09502551020408163
IMG_8813 resized_448.jpg,0,172.92081871811226,17.26012163120044,0.0,0.052814094387755105,96,249,173.0,0.10684390943877552
IMG_8718 resized_448.jpg,0,148.98537149234693,31.76031516269643,0.00023915816326530612,0.04651626275510204,44,249,150.0,0.3494499362244898
IMG_20180705_130739321 resized_448.jpg,0,155.9347696109694,15.529923426167382,0.0,0.004404496173469388,84,250,156.0,0.08368542729591837
IMG_8725 resized_448.jpg,0,150.3630221619898,28.476501257534494,1.992984693877551e-05,0.035076530612244895,48,249,151.0,0.3322704081632653
IMG_20180705_130735989 resized_448.jpg,0,155.81979432397958,16.304321110788937,0.0,0.012177136479591837,91,249,155.0,0.09624123086734694
IMG_20180705_130744653 resized_448.jpg,0,158.3644172512755,18.001580827249118,0.0,0.0185546875,87,255,158.0,0.0996890943877551
IMG_8762 resized_448.jpg,0,166.57975924744898,19.719401794899127,0.0,0.06570870535714286,97,252,163.0,0.22411112882653061
